{
  "project_info": {
    "project_number": "798255386326",
    "project_id": "womenempowerment-75f72",
    "storage_bucket": "womenempowerment-75f72.appspot.com"
  },
  "client": [
    {
      "client_info": {
        "mobilesdk_app_id": "1:798255386326:android:da0b8aebd0156409e60377",
        "android_client_info": {
          "package_name": "com.example.liberty_furies"
        }
      },
      "oauth_client": [],
      "api_key": [
        {
          "current_key": "AIzaSyBhpjYQ3dNE160WT8YAG4-T4QZM3SN1Dsc"
        }
      ],
      "services": {
        "appinvite_service": {
          "other_platform_oauth_client": []
        }
      }
    }
  ],
  "configuration_version": "1"
}