{
  "project_info": {
    "project_number": "798255386326",
    "firebase_url": "https://womenempowerment-75f72-default-rtdb.firebaseio.com",
    "project_id": "womenempowerment-75f72",
    "storage_bucket": "womenempowerment-75f72.appspot.com"
  },
  "client": [
    {
      "client_info": {
        "mobilesdk_app_id": "1:798255386326:android:da0b8aebd0156409e60377",
        "android_client_info": {
          "package_name": "com.example.liberty_furies"
        }
      },
      "oauth_client": [
        {
          "client_id": "798255386326-s77b86c03p2uv8a9lt6nkanadeuqe9v8.apps.googleusercontent.com",
          "client_type": 1,
          "android_info": {
            "package_name": "com.example.liberty_furies",
            "certificate_hash": "b73257ffcbc34ff0d22c66eebade7e70681218f6"
          }
        },
        {
          "client_id": "798255386326-q9t39732rjpnc1as2u3da1gcfpb3uqao.apps.googleusercontent.com",
          "client_type": 3
        }
      ],
      "api_key": [
        {
          "current_key": "AIzaSyBhpjYQ3dNE160WT8YAG4-T4QZM3SN1Dsc"
        }
      ],
      "services": {
        "appinvite_service": {
          "other_platform_oauth_client": [
            {
              "client_id": "798255386326-q9t39732rjpnc1as2u3da1gcfpb3uqao.apps.googleusercontent.com",
              "client_type": 3
            }
          ]
        }
      }
    }
  ],
  "configuration_version": "1"
}